{
  "packages": [
    {
      "name": "MiniCore",
      "maintainer": "MCUdude",
      "websiteURL": "http://rainboard.id",
      "email": "",
      "help": { "online": "http://rainboard.id" },
      "platforms": [
        {
          "name": "Rainboard",
          "architecture": "avr",
          "version": "1.0",
          "category": "Contributed",
          "url": "https://mluthfialhadi.github.io/Rainboard/Rainboard.rar",
          "archiveFileName": "Rainboard.rar",
          "boards": [
            {"name": "Rainboard RGGB/Arduino UNO"}
           ],
          "toolsDependencies": []
        }
      ],
      "tools": []
    }
  ]
}